predictor,window_months,horizon,benchmark,window_type,R2_oos_raw,cw_stat,cw_p_raw,beta_avg,cw_q_h,cw_q_global_bench
iv_100,48,1m,rolling,rolling,-15.688,-1.0577796435799993,0.854922042273165,0.106583,0.9999271463163794,0.9999271463163794
iv_100,48,3m,rolling,rolling,-19.669,-0.6535084241989708,0.7432857198664082,0.233908,0.9749849786839685,0.9999271463163794
iv_100,48,6m,rolling,rolling,-14.066,0.05794902231410239,0.476894617270088,0.395964,0.7392483939032289,0.9060301144506683
iv_100,48,12m,rolling,rolling,-8.608,0.47900410078126104,0.3159678556679548,0.610629,0.5141171888834519,0.7679218770664219
iv_100,60,1m,rolling,rolling,-7.379,-0.6257887012738054,0.7342732281174805,0.100205,0.9999271463163794,0.9999271463163794
iv_100,60,3m,rolling,rolling,1.56,1.4747255094166682,0.07014317749768477,0.243962,0.46632194697509116,0.46493258330043513
iv_100,60,6m,rolling,rolling,-4.092,0.7382548808261203,0.23017978936226763,0.4057,0.5368680066926715,0.7124144373060346
iv_100,60,12m,rolling,rolling,-6.874,0.43522766798331347,0.3316985907435782,0.587957,0.5220174542849756,0.791132042518845
iv_100,72,1m,rolling,rolling,-6.789,-0.5459806963554327,0.7074603967671914,0.089402,0.9999271463163794,0.9999271463163794
iv_100,72,3m,rolling,rolling,3.597,1.5515737803745864,0.06038212044086628,0.235314,0.46632194697509116,0.46493258330043513
iv_100,72,6m,rolling,rolling,-1.792,0.688881859119432,0.24544880815034206,0.400682,0.5368680066926715,0.7212883143351924
iv_100,72,12m,rolling,rolling,-2.017,0.5394683498496882,0.29478186506700743,0.572467,0.4964747201128546,0.7496439482498732
iv_100,120,1m,rolling,rolling,-1.595,0.06249527366727589,0.47508421282589613,0.062062,0.9999271463163794,0.9060301144506683
iv_100,120,3m,rolling,rolling,5.082,1.3682441577810176,0.08561783188009423,0.183272,0.46632194697509116,0.4743834806762392
iv_100,120,6m,rolling,rolling,7.078,1.0999871448905991,0.13566886147975216,0.346029,0.4341403567352069,0.5720778905071047
iv_100,120,12m,rolling,rolling,6.114,0.9409487439030766,0.17336556326717492,0.492942,0.4267460018884306,0.6434420074438287
iv_110,48,1m,rolling,rolling,-21.28,-1.1495920139667504,0.8748440255305101,0.199135,0.9999271463163794,0.9999271463163794
iv_110,48,3m,rolling,rolling,-19.218,-0.5076956484093494,0.6941665996680433,0.424125,0.9749849786839685,0.9999271463163794
iv_110,48,6m,rolling,rolling,-7.814,0.697928284054639,0.24261102250802571,0.704038,0.5368680066926715,0.7212883143351924
iv_110,48,12m,rolling,rolling,3.167,1.2954321027126634,0.0975856048054698,1.175815,0.2927568144164094,0.4996382966040054
iv_110,60,1m,rolling,rolling,-12.953,-0.8165079669756709,0.7928951656181878,0.188339,0.9999271463163794,0.9999271463163794
iv_110,60,3m,rolling,rolling,2.854,1.4879121962581343,0.06838702542013625,0.440015,0.46632194697509116,0.46493258330043513
iv_110,60,6m,rolling,rolling,0.824,1.1522760429604955,0.1246038291366367,0.739733,0.42301506211242906,0.5629161222172764
iv_110,60,12m,rolling,rolling,-2.665,0.8427041844868554,0.19969695316631983,1.174129,0.4564501786658739,0.6757117533050381
iv_110,72,1m,rolling,rolling,-11.958,-0.8061135222636554,0.7899113023276515,0.166356,0.9999271463163794,0.9999271463163794
iv_110,72,3m,rolling,rolling,4.45,1.482704143092186,0.06907651669497529,0.419774,0.46632194697509116,0.46493258330043513
iv_110,72,6m,rolling,rolling,1.735,1.0116576024136843,0.15585089693144133,0.758095,0.45123158912619804,0.6106810655272803
iv_110,72,12m,rolling,rolling,-1.333,0.725258885567998,0.2341466118075936,1.177732,0.47848850423131634,0.7124144373060346
iv_110,120,1m,rolling,rolling,-1.056,0.2316009687648362,0.40842397750161646,0.126442,0.9999271463163794,0.8748529551676223
iv_110,120,3m,rolling,rolling,4.165,1.2174161198120645,0.11172296646278226,0.345729,0.46632194697509116,0.528691756358367
iv_110,120,6m,rolling,rolling,7.129,1.185033704203528,0.11800206057551701,0.71862,0.41956288204628267,0.5394379912023635
iv_110,120,12m,rolling,rolling,6.467,1.0936223201593507,0.13706032793399384,1.094162,0.35561598599090294,0.5720778905071047
iv_120,48,1m,rolling,rolling,-11.068,-0.8805489070121013,0.8107189884462029,0.14027,0.9999271463163794,0.9999271463163794
iv_120,48,3m,rolling,rolling,-19.46,-0.6940760035109335,0.756182726763168,0.304898,0.9749849786839685,0.9999271463163794
iv_120,48,6m,rolling,rolling,-7.642,0.6169333692068537,0.26863933783685146,0.643147,0.5386557311348193,0.7281139538098248
iv_120,48,12m,rolling,rolling,5.21,1.4149884319757005,0.07853594389728044,0.950651,0.25131502047129745,0.47121566338368265
iv_120,60,1m,rolling,rolling,-2.056,-0.08519176986889472,0.5339455332555851,0.132279,0.9999271463163794,0.9653082445363206
iv_120,60,3m,rolling,rolling,2.87,1.5093587191220774,0.06560356821550249,0.319338,0.46632194697509116,0.46493258330043513
iv_120,60,6m,rolling,rolling,-0.2,1.0333827890700014,0.1507123987723783,0.630643,0.45123158912619804,0.6091953803009817
iv_120,60,12m,rolling,rolling,-3.277,0.6997464708581767,0.24204282471916172,0.896797,0.48408564943832344,0.7212883143351924
iv_120,72,1m,rolling,rolling,-1.281,0.1658534609788326,0.43413613645168403,0.117198,0.9999271463163794,0.891488109077255
iv_120,72,3m,rolling,rolling,4.066,1.5133104219967684,0.06510041331158638,0.300007,0.46632194697509116,0.46493258330043513
iv_120,72,6m,rolling,rolling,-0.186,0.8598404539364479,0.19493849807495067,0.60049,0.49247620566303324,0.6757117533050381
iv_120,72,12m,rolling,rolling,-3.47,0.5537415229877392,0.28987787679426974,0.864079,0.4964747201128546,0.7470678167046951
iv_120,120,1m,rolling,rolling,-1.112,0.20116908937473585,0.4202831802487992,0.086393,0.9999271463163794,0.8791151922001155
iv_120,120,3m,rolling,rolling,4.636,1.3890713229130343,0.08240553148887395,0.256453,0.46632194697509116,0.47330687154221746
iv_120,120,6m,rolling,rolling,10.196,1.364715280018057,0.08617127760586622,0.574098,0.33921571565401226,0.4743834806762392
iv_120,120,12m,rolling,rolling,12.166,1.3627785582246108,0.0864761553316061,0.872065,0.26779712618819956,0.4743834806762392
iv_80,48,1m,rolling,rolling,-18.898,-0.983402054239377,0.8372952001670895,0.067231,0.9999271463163794,0.9999271463163794
iv_80,48,3m,rolling,rolling,-15.9,-0.9870569029578723,0.8381926281441694,0.158377,0.9749849786839685,0.9999271463163794
iv_80,48,6m,rolling,rolling,-14.839,-0.010224062309186268,0.5040787396730405,0.290019,0.7392483939032289,0.9306069040117672
iv_80,48,12m,rolling,rolling,-17.544,-0.21053622172186282,0.583375407862582,0.35594,0.6794418533984953,0.9999271463163794
iv_80,60,1m,rolling,rolling,-11.427,-0.8436934447915004,0.8005796342243573,0.061851,0.9999271463163794,0.9999271463163794
iv_80,60,3m,rolling,rolling,-0.822,0.8034575162374465,0.21085517128866554,0.169401,0.6133968619306635,0.6980033256452377
iv_80,60,6m,rolling,rolling,-13.563,0.030599321609890626,0.4877945415873137,0.295843,0.7392483939032289,0.9154498124888635
iv_80,60,12m,rolling,rolling,-18.874,-0.2702765519580338,0.6065262484373308,0.326826,0.6850178805880442,0.9999271463163794
iv_80,72,1m,rolling,rolling,-7.985,-0.7819893053490483,0.7828895706145297,0.050546,0.9999271463163794,0.9999271463163794
iv_80,72,3m,rolling,rolling,-0.259,0.7231679026252957,0.23478836795702202,0.146461,0.6439909521106889,0.7124144373060346
iv_80,72,6m,rolling,rolling,-13.302,-0.2213651242716064,0.5875959271890915,0.259149,0.8295471913257763,0.9999271463163794
iv_80,72,12m,rolling,rolling,-16.165,-0.3918848072349001,0.6524283354761993,0.265556,0.7282920954152922,0.9999271463163794
iv_80,120,1m,rolling,rolling,-2.093,-0.6318458389885657,0.7362561913879337,0.03304,0.9999271463163794,0.9999271463163794
iv_80,120,3m,rolling,rolling,2.792,1.1008168665683156,0.1354881847335068,0.096154,0.5005531498563894,0.5720778905071047
iv_80,120,6m,rolling,rolling,3.286,0.7520343262450815,0.22601520812431533,0.187632,0.5368680066926715,0.7124144373060346
iv_80,120,12m,rolling,rolling,-1.046,0.05313795885603069,0.4788109936840921,0.158324,0.5967805739642591,0.9060301144506683
iv_90,48,1m,rolling,rolling,-19.49,-1.102177821757742,0.8648078140548792,0.096166,0.9999271463163794,0.9999271463163794
iv_90,48,3m,rolling,rolling,-17.242,-0.7560264139727899,0.7751833204482383,0.219611,0.9749849786839685,0.9999271463163794
iv_90,48,6m,rolling,rolling,-11.82,0.14709215280667237,0.4415296418304948,0.362251,0.7308076830297845,0.8923546445416316
iv_90,48,12m,rolling,rolling,-8.928,0.40303205017438903,0.3434623234078849,0.547561,0.5308001277662032,0.8091382342860602
iv_90,60,1m,rolling,rolling,-11.178,-0.8237625580037032,0.7949627569836222,0.092863,0.9999271463163794,0.9999271463163794
iv_90,60,3m,rolling,rolling,1.196,1.3004513991085445,0.09672315165098479,0.235176,0.46632194697509116,0.4996382966040054
iv_90,60,6m,rolling,rolling,-6.219,0.5106608967349258,0.30479426316667974,0.381758,0.565734607398495,0.7639218902451016
iv_90,60,12m,rolling,rolling,-11.05,0.1905379247282432,0.424443813924974,0.539866,0.5738958610816549,0.8810077002550812
iv_90,72,1m,rolling,rolling,-10.43,-0.7964744293778483,0.7871218338482718,0.082835,0.9999271463163794,0.9999271463163794
iv_90,72,3m,rolling,rolling,2.735,1.2864157239940437,0.09914900682780153,0.224386,0.46632194697509116,0.5009634029194182
iv_90,72,6m,rolling,rolling,-6.001,0.3129171327198363,0.3771718103762228,0.37485,0.6705276628910628,0.8392183372290132
iv_90,72,12m,rolling,rolling,-9.139,0.1040992466781144,0.4585452943376157,0.524282,0.5948695710325825,0.8983744542124715
iv_90,120,1m,rolling,rolling,-2.797,-0.3508471373466062,0.6371484841286708,0.055113,0.9999271463163794,0.9999271463163794
iv_90,120,3m,rolling,rolling,4.516,1.229763255686498,0.10939288580034237,0.179001,0.46632194697509116,0.5250858518416434
iv_90,120,6m,rolling,rolling,4.656,0.8848732683923527,0.18811249348946454,0.35044,0.4880756587834756,0.6750953037378914
iv_90,120,12m,rolling,rolling,1.903,0.5470052699912693,0.2921875557764232,0.488489,0.4964747201128546,0.7480001427876434
iv_skew_80_100,48,1m,rolling,rolling,-6.954,-2.3455698449051376,0.990500990630459,0.029906,0.9999271463163794,0.9999271463163794
iv_skew_80_100,48,3m,rolling,rolling,-13.261,-0.8730734016147195,0.8086884647119158,0.070909,0.9749849786839685,0.9999271463163794
iv_skew_80_100,48,6m,rolling,rolling,-18.224,-0.5513972375507854,0.7093193030170427,0.160937,0.906394525198817,0.9999271463163794
iv_skew_80_100,48,12m,rolling,rolling,-11.719,0.3898125435221765,0.3483375838465709,-0.269467,0.5308001277662032,0.8106765587702013
iv_skew_80_100,60,1m,rolling,rolling,-5.198,-2.044419391756945,0.9795439333946915,0.013538,0.9999271463163794,0.9999271463163794
iv_skew_80_100,60,3m,rolling,rolling,-14.485,-1.3936990954751727,0.9182957552493114,0.024967,0.9749849786839685,0.9999271463163794
iv_skew_80_100,60,6m,rolling,rolling,-23.866,-1.0514280095388835,0.8534689714167563,0.06728,0.9399974897192711,0.9999271463163794
iv_skew_80_100,60,12m,rolling,rolling,-12.065,0.34926860095772194,0.36344383436150063,-0.386887,0.5367785861339086,0.8307287642548585
iv_skew_80_100,72,1m,rolling,rolling,-4.087,-1.8439538695174889,0.967405068334111,-0.007586,0.9999271463163794,0.9999271463163794
iv_skew_80_100,72,3m,rolling,rolling,-10.866,-1.0941388673804915,0.8630529609216708,-0.039922,0.9749849786839685,0.9999271463163794
iv_skew_80_100,72,6m,rolling,rolling,-18.981,-0.7880679519282883,0.7846715200815958,-0.064007,0.92905947539421,0.9999271463163794
iv_skew_80_100,72,12m,rolling,rolling,-5.452,0.724889221626842,0.23425999686324864,-0.55044,0.47848850423131634,0.7124144373060346
iv_skew_80_100,120,1m,rolling,rolling,0.045,0.4227918877453359,0.33622355344763066,-0.027193,0.9999271463163794,0.7969743489129023
iv_skew_80_100,120,3m,rolling,rolling,0.904,0.9469751198295983,0.17182572858658662,-0.071102,0.5688024118728384,0.6434420074438287
iv_skew_80_100,120,6m,rolling,rolling,2.616,1.136920311985557,0.1277858000131296,-0.138823,0.42301506211242906,0.5705198441667889
iv_skew_80_100,120,12m,rolling,rolling,4.068,0.8056263191134845,0.2102291726644872,-0.423465,0.46934885059978537,0.6980033256452377
iv_skew_80_110,48,1m,rolling,rolling,-10.621,-1.1174651588040996,0.8681022556871307,0.099105,0.9999271463163794,0.9999271463163794
iv_skew_80_110,48,3m,rolling,rolling,-13.278,-0.7671129897345221,0.7784928302952805,0.32281,0.9749849786839685,0.9999271463163794
iv_skew_80_110,48,6m,rolling,rolling,-22.802,-0.5756151550926293,0.7175623324490635,0.475683,0.906394525198817,0.9999271463163794
iv_skew_80_110,48,12m,rolling,rolling,-18.45,-0.8968283662651998,0.8150947454899821,0.146164,0.8598801710663547,0.9999271463163794
iv_skew_80_110,60,1m,rolling,rolling,-7.6,-1.2522521336242707,0.8947609976660588,0.079341,0.9999271463163794,0.9999271463163794
iv_skew_80_110,60,3m,rolling,rolling,-8.944,-0.4772150767133041,0.6833955118669301,0.272696,0.9749849786839685,0.9999271463163794
iv_skew_80_110,60,6m,rolling,rolling,-21.528,-0.7798754467931485,0.7822679039984277,0.376969,0.92905947539421,0.9999271463163794
iv_skew_80_110,60,12m,rolling,rolling,-6.446,0.05970398744029031,0.4761956979423188,0.033022,0.5967805739642591,0.9060301144506683
iv_skew_80_110,72,1m,rolling,rolling,-4.788,-1.0746628093033437,0.8587371398987136,0.057319,0.9999271463163794,0.9999271463163794
iv_skew_80_110,72,3m,rolling,rolling,-6.521,-0.2551055900487853,0.6006792266274507,0.208867,0.9749849786839685,0.9999271463163794
iv_skew_80_110,72,6m,rolling,rolling,-16.278,-0.7638742767223098,0.7775289160379164,0.253824,0.92905947539421,0.9999271463163794
iv_skew_80_110,72,12m,rolling,rolling,2.231,1.0229724413189525,0.1531604380473097,-0.105959,0.38693163296162447,0.6097891374788068
iv_skew_80_110,120,1m,rolling,rolling,-1.477,-0.8813928178762628,0.8109473781752785,0.025364,0.9999271463163794,0.9999271463163794
iv_skew_80_110,120,3m,rolling,rolling,-0.229,0.2151454904410657,0.4148269439971141,0.074802,0.9050769687209762,0.8791151922001155
iv_skew_80_110,120,6m,rolling,rolling,-1.141,-0.17161843129982957,0.5681312418191267,0.027394,0.8140387942483008,0.9916472584479301
iv_skew_80_110,120,12m,rolling,rolling,-6.564,-0.4743786223214972,0.6823850326353142,-0.306629,0.7529765877355191,0.9999271463163794
iv_skew_80_120,48,1m,rolling,rolling,-9.152,-1.5132291783645397,0.934889272492724,0.055776,0.9999271463163794,0.9999271463163794
iv_skew_80_120,48,3m,rolling,rolling,-11.406,-1.9003134799593395,0.9713040033021819,0.169426,0.9749849786839685,0.9999271463163794
iv_skew_80_120,48,6m,rolling,rolling,-20.982,-1.2152879556350586,0.887871857992971,0.258715,0.9399974897192711,0.9999271463163794
iv_skew_80_120,48,12m,rolling,rolling,-17.526,-1.4673926490069746,0.9288653634786932,-0.079076,0.930960579033112,0.9999271463163794
iv_skew_80_120,60,1m,rolling,rolling,-7.722,-1.1312440173673466,0.8710238000444432,0.046103,0.9999271463163794,0.9999271463163794
iv_skew_80_120,60,3m,rolling,rolling,-7.508,-1.5092814707782312,0.9343865660916563,0.139877,0.9749849786839685,0.9999271463163794
iv_skew_80_120,60,6m,rolling,rolling,-18.928,-1.4078631971178748,0.920414208683453,0.189235,0.9399974897192711,0.9999271463163794
iv_skew_80_120,60,12m,rolling,rolling,-4.249,-0.10162306374047618,0.5404720639981996,-0.167237,0.6405594832571263,0.9653082445363206
iv_skew_80_120,72,1m,rolling,rolling,-6.482,-1.2210291890116571,0.888962515834964,0.032933,0.9999271463163794,0.9999271463163794
iv_skew_80_120,72,3m,rolling,rolling,-5.944,-1.392773670711531,0.9181558786602936,0.103653,0.9749849786839685,0.9999271463163794
iv_skew_80_120,72,6m,rolling,rolling,-14.356,-1.6201567621980655,0.9474006966203352,0.105618,0.9474006966203352,0.9999271463163794
iv_skew_80_120,72,12m,rolling,rolling,2.879,1.122880472758135,0.13074413095488913,-0.265289,0.3486510158797043,0.5705198441667889
iv_skew_80_120,120,1m,rolling,rolling,-1.942,-1.0339136323215796,0.8494117293079946,0.005447,0.9999271463163794,0.9999271463163794
iv_skew_80_120,120,3m,rolling,rolling,-0.67,-0.30402903459071795,0.6194471144432689,0.025267,0.9749849786839685,0.9999271463163794
iv_skew_80_120,120,6m,rolling,rolling,-0.469,0.05274122770964845,0.47896904487886877,-0.028867,0.7392483939032289,0.9060301144506683
iv_skew_80_120,120,12m,rolling,rolling,-2.839,0.02230913588295323,0.4911006806580881,-0.4026,0.5967805739642591,0.9154498124888635
iv_skew_90_100,48,1m,rolling,rolling,-3.79,-1.1407882632970916,0.8730209770503577,-0.322485,0.9999271463163794,0.9999271463163794
iv_skew_90_100,48,3m,rolling,rolling,-5.905,0.12944842186359443,0.4485014174266751,-0.500516,0.9100691791268737,0.8960681148326142
iv_skew_90_100,48,6m,rolling,rolling,-3.685,1.8625889331019376,0.031260061284169756,-0.569353,0.3183777472600806,0.44535423335338464
iv_skew_90_100,48,12m,rolling,rolling,10.071,2.541825386490761,0.005513762460874317,-0.624878,0.03780865687456674,0.1176269324986521
iv_skew_90_100,60,1m,rolling,rolling,-2.502,-0.06600606040760425,0.5263134997641349,-0.296165,0.9999271463163794,0.9578406820352028
iv_skew_90_100,60,3m,rolling,rolling,-4.599,0.318013320398072,0.3752374164056886,-0.442546,0.8377393482545605,0.8392183372290132
iv_skew_90_100,60,6m,rolling,rolling,-2.802,1.4572721635746013,0.07252063377906517,-0.469932,0.3183777472600806,0.46493258330043513
iv_skew_90_100,60,12m,rolling,rolling,8.334,3.489940365656875,2.4156417205682763e-4,-0.426854,0.005797540129363863,0.02319016051745545
iv_skew_90_100,72,1m,rolling,rolling,-1.84,0.13374407248478484,0.44680247670411244,-0.268111,0.9999271463163794,0.8960681148326142
iv_skew_90_100,72,3m,rolling,rolling,-2.792,0.5721424523650618,0.2836127353695778,-0.37251,0.6806705648869867,0.7408659209654277
iv_skew_90_100,72,6m,rolling,rolling,0.251,1.647654629930427,0.049711781596872014,-0.346373,0.3183777472600806,0.46493258330043513
iv_skew_90_100,72,12m,rolling,rolling,6.429,2.9142068319790293,0.0017829678154055294,-0.255312,0.019018323364325646,0.06224178555597484
iv_skew_90_100,120,1m,rolling,rolling,-0.933,-0.03609355598962692,0.5143961197214748,-0.167836,0.9999271463163794,0.9406100474906968
iv_skew_90_100,120,3m,rolling,rolling,0.183,0.8460327169691801,0.19876724653718686,-0.17768,0.5963017396115606,0.6757117533050381
iv_skew_90_100,120,6m,rolling,rolling,0.748,1.442985544808702,0.0745122716434851,-0.093803,0.3183777472600806,0.46493258330043513
iv_skew_90_100,120,12m,rolling,rolling,4.305,1.898238102118968,0.028832361842785984,-0.040836,0.1456793019424976,0.4428650779051927
iv_skew_90_110,48,1m,rolling,rolling,-10.57,-1.0597381260200038,0.8553681236903401,0.051456,0.9999271463163794,0.9999271463163794
iv_skew_90_110,48,3m,rolling,rolling,-4.501,0.1528080674717298,0.43927481776733324,0.301334,0.9100691791268737,0.8923546445416316
iv_skew_90_110,48,6m,rolling,rolling,-7.006,0.1130228818113789,0.45500620719234003,0.453262,0.7392483939032289,0.8960681148326142
iv_skew_90_110,48,12m,rolling,rolling,-13.112,-0.648476176053225,0.7416614925532137,0.206369,0.7911055920567612,0.9999271463163794
iv_skew_90_110,60,1m,rolling,rolling,-7.586,-1.0059777008074648,0.8427868515309084,0.065302,0.9999271463163794,0.9999271463163794
iv_skew_90_110,60,3m,rolling,rolling,-2.364,0.6304346677702746,0.2642051174259482,0.346882,0.6623315963139496,0.7281139538098248
iv_skew_90_110,60,6m,rolling,rolling,-10.739,-0.38062868250106685,0.6482606024880283,0.495622,0.8765213780119819,0.9999271463163794
iv_skew_90_110,60,12m,rolling,rolling,-12.474,-0.5783301125940201,0.7184793660655568,0.269953,0.7749889791268928,0.9999271463163794
iv_skew_90_110,72,1m,rolling,rolling,-6.081,-0.8641285929486433,0.8062413733288474,0.065615,0.9999271463163794,0.9999271463163794
iv_skew_90_110,72,3m,rolling,rolling,-1.062,0.6545563026933747,0.2563767329876953,0.338752,0.6623315963139496,0.7281139538098248
iv_skew_90_110,72,6m,rolling,rolling,-8.056,-0.31683400842739046,0.6243152211985015,0.446401,0.8686124816674803,0.9999271463163794
iv_skew_90_110,72,12m,rolling,rolling,-1.669,0.3029680554332218,0.3809571031115363,0.222788,0.5399382684377843,0.8392183372290132
iv_skew_90_110,120,1m,rolling,rolling,-3.478,-0.7601616136372432,0.7764210064525101,0.05268,0.9999271463163794,0.9999271463163794
iv_skew_90_110,120,3m,rolling,rolling,2.584,1.0836640824564228,0.13925688318975113,0.271635,0.5005531498563894,0.5749961628480047
iv_skew_90_110,120,6m,rolling,rolling,1.849,0.6114257769455553,0.2704588709867878,0.32453,0.5386557311348193,0.7281139538098248
iv_skew_90_110,120,12m,rolling,rolling,0.959,0.4906640965657488,0.31183202208010335,0.105845,0.5141171888834519,0.7639218902451016
iv_skew_90_120,48,1m,rolling,rolling,-11.271,-1.3152901187283752,0.9057937911212219,0.015713,0.9999271463163794,0.9999271463163794
iv_skew_90_120,48,3m,rolling,rolling,-6.949,-0.972151836555358,0.8345124913841009,0.169602,0.9749849786839685,0.9999271463163794
iv_skew_90_120,48,6m,rolling,rolling,-9.772,-0.8188767616835337,0.7935716352325544,0.313334,0.92905947539421,0.9999271463163794
iv_skew_90_120,48,12m,rolling,rolling,-13.684,-1.3196063024882758,0.9065167512299104,0.166877,0.930960579033112,0.9999271463163794
iv_skew_90_120,60,1m,rolling,rolling,-8.824,-1.119807022669323,0.8686019969985509,0.031143,0.9999271463163794,0.9999271463163794
iv_skew_90_120,60,3m,rolling,rolling,-4.821,-0.39772570175758293,0.6545838051139838,0.207983,0.9749849786839685,0.9999271463163794
iv_skew_90_120,60,6m,rolling,rolling,-9.888,-1.115618816366112,0.8677073328497665,0.366084,0.9399974897192711,0.9999271463163794
iv_skew_90_120,60,12m,rolling,rolling,-8.826,-1.1624185539628693,0.8774672548557114,0.220823,0.9156180050668293,0.9999271463163794
iv_skew_90_120,72,1m,rolling,rolling,-7.872,-1.0383477180830252,0.8504458997414869,0.036908,0.9999271463163794,0.9999271463163794
iv_skew_90_120,72,3m,rolling,rolling,-3.342,-0.12549174644328953,0.5499328706146086,0.212127,0.9749849786839685,0.9731530982304595
iv_skew_90_120,72,6m,rolling,rolling,-8.516,-1.269199496813783,0.8978150397527164,0.349924,0.9399974897192711,0.9999271463163794
iv_skew_90_120,72,12m,rolling,rolling,-1.535,0.22787014288189816,0.40987359732331663,0.212044,0.5702589180150492,0.8748529551676223
iv_skew_90_120,120,1m,rolling,rolling,-3.34,-0.7272733520490411,0.7664707404709652,0.0224,0.9999271463163794,0.9999271463163794
iv_skew_90_120,120,3m,rolling,rolling,0.75,0.8541583044130336,0.19650864114081576,0.154365,0.5963017396115606,0.6757117533050381
iv_skew_90_120,120,6m,rolling,rolling,0.615,0.5285702792194704,0.2985517911038613,0.220187,0.565734607398495,0.7542361038413338
iv_skew_90_120,120,12m,rolling,rolling,2.447,0.7628391367064794,0.22277966876543176,0.068979,0.4752632933662544,0.7124144373060346
log_curve_quad,48,1m,rolling,rolling,-7.84,-1.232421186285648,0.8911041046041391,-9.4e-5,0.9999271463163794,0.9999271463163794
log_curve_quad,48,3m,rolling,rolling,-19.587,-0.7686348388719912,0.7789449412683447,-8.36e-4,0.9749849786839685,0.9999271463163794
log_curve_quad,48,6m,rolling,rolling,-21.937,-1.1166327250526842,0.8679243033144237,-0.001438,0.9399974897192711,0.9999271463163794
log_curve_quad,48,12m,rolling,rolling,-19.317,-0.2607515124609203,0.6028579307172828,-7.27e-4,0.6850178805880442,0.9999271463163794
log_curve_quad,60,1m,rolling,rolling,-5.569,-0.8434060803894161,0.8004993137574614,-9.3e-5,0.9999271463163794,0.9999271463163794
log_curve_quad,60,3m,rolling,rolling,-13.804,-0.09542964720477316,0.5380132157672777,-7.74e-4,0.9749849786839685,0.9653082445363206
log_curve_quad,60,6m,rolling,rolling,-19.208,-0.468226270186936,0.6801886061570362,-0.001229,0.8944946053571983,0.9999271463163794
log_curve_quad,60,12m,rolling,rolling,-13.271,0.19871537990534344,0.42124269626255534,-7.21e-4,0.5738958610816549,0.8791151922001155
log_curve_quad,72,1m,rolling,rolling,-4,-0.4984383918042355,0.6909124587036033,-9e-5,0.9999271463163794,0.9999271463163794
log_curve_quad,72,3m,rolling,rolling,-5.513,0.39234480234074687,0.34740173219375825,-6.36e-4,0.8134284461122144,0.8106765587702013
log_curve_quad,72,6m,rolling,rolling,-6.722,0.22732035616736315,0.41008732273482296,-8.55e-4,0.7030068389739822,0.8748529551676223
log_curve_quad,72,12m,rolling,rolling,-6.163,0.5626114778564274,0.2868497372613812,-4.8e-4,0.4964747201128546,0.7442587777592593
log_curve_quad,120,1m,rolling,rolling,0.366,0.8394731439927732,0.20060192676243319,-2.46e-4,0.9999271463163794,0.6757117533050381
log_curve_quad,120,3m,rolling,rolling,2.662,1.5582188611519094,0.05959068768473288,-7.13e-4,0.46632194697509116,0.46493258330043513
log_curve_quad,120,6m,rolling,rolling,2.72,1.3510642507498518,0.0883374259515657,-8.42e-4,0.33921571565401226,0.4777686135972004
log_curve_quad,120,12m,rolling,rolling,4.989,1.5796538985356494,0.057093074353700146,-0.001471,0.22384891056501968,0.46493258330043513
log_slope_quad,48,1m,rolling,rolling,-4.036,-2.9086485660454593,0.9981850267114567,7.88e-4,0.9999271463163794,0.9999271463163794
log_slope_quad,48,3m,rolling,rolling,-6.423,-1.959707033285094,0.9749849786839685,0.001398,0.9749849786839685,0.9999271463163794
log_slope_quad,48,6m,rolling,rolling,-0.682,1.531886043191494,0.06277527909840462,0.037972,0.3183777472600806,0.46493258330043513
log_slope_quad,48,12m,rolling,rolling,13.454,2.713941509587342,0.0033243952143099465,0.103331,0.026595161714479572,0.08746494759241857
log_slope_quad,60,1m,rolling,rolling,-2.324,-3.798273716051364,0.9999271463163794,0.001047,0.9999271463163794,0.9999271463163794
log_slope_quad,60,3m,rolling,rolling,-1.667,-0.43467055187506987,0.6680992117926664,0.003541,0.9749849786839685,0.9999271463163794
log_slope_quad,60,6m,rolling,rolling,4.386,2.7048657929672513,0.0034165995153288505,0.039444,0.10617831468499084,0.08746494759241857
log_slope_quad,60,12m,rolling,rolling,15.15,2.9601166174616678,0.0015376130529895205,0.102755,0.018451356635874244,0.06224178555597484
log_slope_quad,72,1m,rolling,rolling,-1.732,-2.522359932758591,0.9941714818178834,0.001444,0.9999271463163794,0.9999271463163794
log_slope_quad,72,3m,rolling,rolling,-1.676,-0.12493979124629323,0.5497143918466416,0.005577,0.9749849786839685,0.9731530982304595
log_slope_quad,72,6m,rolling,rolling,4.179,2.6178645138481222,0.004424096445207952,0.041648,0.10617831468499084,0.10617831468499084
log_slope_quad,72,12m,rolling,rolling,16.482,3.1923786055090764,7.055312178528066e-4,0.105915,0.01313191420016074,0.05252765680064296
log_slope_quad,120,1m,rolling,rolling,-1.206,-1.9923748363832643,0.9768350269114561,0.002157,0.9999271463163794,0.9999271463163794
log_slope_quad,120,3m,rolling,rolling,-0.927,-0.14280268664062548,0.5567769924009596,0.008357,0.9749849786839685,0.9762665072236003
log_slope_quad,120,6m,rolling,rolling,2.659,1.8430799536495166,0.03265866886410631,0.042368,0.3183777472600806,0.44535423335338464
log_slope_quad,120,12m,rolling,rolling,9.688,3.1484319675388277,8.207446375100463e-4,0.10639,0.01313191420016074,0.05252765680064296
skew_curve_quad,48,1m,rolling,rolling,-12.193,-1.551802647584269,0.9396452738677792,6.81e-4,0.9999271463163794,0.9999271463163794
skew_curve_quad,48,3m,rolling,rolling,-19.934,-0.6646735657371581,0.7468703475736699,4.29e-4,0.9749849786839685,0.9999271463163794
skew_curve_quad,48,6m,rolling,rolling,-21.638,-0.6622221041536094,0.7460855549555494,-8.05e-4,0.9182591445606763,0.9999271463163794
skew_curve_quad,48,12m,rolling,rolling,-11.949,0.3587717294638032,0.3598829315991535,-0.006968,0.5367785861339086,0.8275152439166165
skew_curve_quad,60,1m,rolling,rolling,-8.227,-1.67734457765759,0.9532624398623792,7.48e-4,0.9999271463163794,0.9999271463163794
skew_curve_quad,60,3m,rolling,rolling,-15.782,-1.4123371505382452,0.9210746437250537,9.22e-4,0.9749849786839685,0.9999271463163794
skew_curve_quad,60,6m,rolling,rolling,-19.638,-1.0583860199603725,0.8550602548224119,2.9e-5,0.9399974897192711,0.9999271463163794
skew_curve_quad,60,12m,rolling,rolling,-13.355,0.0767867810087985,0.4693965834575848,-0.007824,0.5967805739642591,0.9060301144506683
skew_curve_quad,72,1m,rolling,rolling,-6.597,-1.4275368432277427,0.9232873933609673,3.04e-4,0.9999271463163794,0.9999271463163794
skew_curve_quad,72,3m,rolling,rolling,-12.388,-0.8326708864136441,0.7974848158399381,-4.66e-4,0.9749849786839685,0.9999271463163794
skew_curve_quad,72,6m,rolling,rolling,-12.775,-0.5587053631610671,0.7118185907399289,-0.002144,0.906394525198817,0.9999271463163794
skew_curve_quad,72,12m,rolling,rolling,-9.654,0.16872489255421685,0.4330065190297994,-0.01128,0.5773420253730659,0.891488109077255
skew_curve_quad,120,1m,rolling,rolling,-0.287,0.45906954835162533,0.32309211173755265,-6.26e-4,0.9999271463163794,0.7802979302340893
skew_curve_quad,120,3m,rolling,rolling,0.469,0.974364629064382,0.16493776267944896,-0.002073,0.5655009006152535,0.633361008689084
skew_curve_quad,120,6m,rolling,rolling,1.547,0.9604012129105138,0.16842666395221167,-0.00353,0.46197027826892345,0.6403548411648443
skew_curve_quad,120,12m,rolling,rolling,3.189,0.86137758505496,0.19451505861717816,-0.009802,0.4554498933475391,0.6757117533050381
skew_ratio_80_100,48,1m,rolling,rolling,-8.057,-1.458114496891483,0.9275955069197273,-0.013047,0.9999271463163794,0.9999271463163794
skew_ratio_80_100,48,3m,rolling,rolling,-19.345,-0.573445167466958,0.7168283422862897,-0.057449,0.9749849786839685,0.9999271463163794
skew_ratio_80_100,48,6m,rolling,rolling,-19.374,-0.02063921461332073,0.5082332708084699,-0.118185,0.7392483939032289,0.9337874449303946
skew_ratio_80_100,48,12m,rolling,rolling,-7.419,0.7853151518985241,0.2161344071159721,-0.169213,0.4715659791621209,0.7093642079703699
skew_ratio_80_100,60,1m,rolling,rolling,-4.137,-0.27447022994183967,0.6081383607356777,-0.009811,0.9999271463163794,0.9999271463163794
skew_ratio_80_100,60,3m,rolling,rolling,-11.014,1.0768189743796395,0.14078057339710953,-0.044769,0.5005531498563894,0.5751036189839368
skew_ratio_80_100,60,6m,rolling,rolling,-16.136,0.613455417285416,0.26978762645405086,-0.09379,0.5386557311348193,0.7281139538098248
skew_ratio_80_100,60,12m,rolling,rolling,-2.608,1.265779859317386,0.10279595388704199,-0.150097,0.2990427749441222,0.5029104910036266
skew_ratio_80_100,72,1m,rolling,rolling,-2.587,0.3037445744584185,0.38066124793664274,-0.0077210000000000004,0.9999271463163794,0.8392183372290132
skew_ratio_80_100,72,3m,rolling,rolling,-0.995,1.3225619159829747,0.0929905531169735,-0.034101,0.46632194697509116,0.48915578625914824
skew_ratio_80_100,72,6m,rolling,rolling,-1.032,1.0192789513863798,0.15403527691521943,-0.07141,0.45123158912619804,0.6097891374788068
skew_ratio_80_100,72,12m,rolling,rolling,3.419,1.5052995572304242,0.06612353949346043,-0.129795,0.23510591819897042,0.46493258330043513
skew_ratio_80_100,120,1m,rolling,rolling,0.753,0.9374423068594555,0.1742655436827036,-0.009598,0.9999271463163794,0.6434420074438287
skew_ratio_80_100,120,3m,rolling,rolling,3.978,1.814592220180674,0.034793299480733175,-0.02807,0.46632194697509116,0.44535423335338464
skew_ratio_80_100,120,6m,rolling,rolling,5.291,1.7522001399862959,0.03986969979985471,-0.045083,0.3183777472600806,0.4639383249437639
skew_ratio_80_100,120,12m,rolling,rolling,7.361,1.9928135421004858,0.02314093416022982,-0.089433,0.1234183155212257,0.37025494656367713
skew_ratio_80_110,48,1m,rolling,rolling,-6.113,-2.3764815939575934,0.9912606833023072,-0.012028,0.9999271463163794,0.9999271463163794
skew_ratio_80_110,48,3m,rolling,rolling,-8.709,-0.2966298960859742,0.6166254580875802,-0.04857,0.9749849786839685,0.9999271463163794
skew_ratio_80_110,48,6m,rolling,rolling,-1.074,1.4981583169381074,0.06704606127249017,-0.172577,0.3183777472600806,0.46493258330043513
skew_ratio_80_110,48,12m,rolling,rolling,14.738,2.7690686410363043,0.0028108395094493654,-0.398042,0.024530962991558096,0.08302787474065818
skew_ratio_80_110,60,1m,rolling,rolling,-3.413,-1.467303010085845,0.9288531773750851,-0.01461,0.9999271463163794,0.9999271463163794
skew_ratio_80_110,60,3m,rolling,rolling,-1.942,0.8899490941492889,0.18674661041730814,-0.05827,0.5963017396115606,0.6750953037378914
skew_ratio_80_110,60,6m,rolling,rolling,6.143,2.411622342381281,0.0079408612794931,-0.177943,0.1524645365662675,0.1524645365662675
skew_ratio_80_110,60,12m,rolling,rolling,20.591,2.8583053307282538,0.0021295517548322444,-0.400508,0.020443696846389546,0.06814565615463182
skew_ratio_80_110,72,1m,rolling,rolling,-3.031,-0.41225734231594124,0.6599245942715534,-0.016858,0.9999271463163794,0.9999271463163794
skew_ratio_80_110,72,3m,rolling,rolling,-3.049,1.2620613471967654,0.10346335622210028,-0.062976,0.46632194697509116,0.5029104910036266
skew_ratio_80_110,72,6m,rolling,rolling,5.541,2.342241071806982,0.009584164632973112,-0.178078,0.1533466341275698,0.17525329614579405
skew_ratio_80_110,72,12m,rolling,rolling,21.742,3.0218160467620065,0.0012563159518431575,-0.396951,0.017229475910991873,0.06224178555597484
skew_ratio_80_110,120,1m,rolling,rolling,-0.067,0.37234470165859007,0.3548181101317667,-0.010744,0.9999271463163794,0.8207840619915566
skew_ratio_80_110,120,3m,rolling,rolling,-0.026,0.6642849598105365,0.253253972677379,-0.034888,0.6623315963139496,0.7281139538098248
skew_ratio_80_110,120,6m,rolling,rolling,-0.155,0.6869265642374898,0.24606450306747446,-0.100966,0.5368680066926715,0.7212883143351924
skew_ratio_80_110,120,12m,rolling,rolling,-5.459,0.452574896495608,0.325427439316511,-0.229994,0.5206839029064176,0.7810258543596265
skew_ratio_80_120,48,1m,rolling,rolling,-4.888,-2.3812037602372538,0.9913719180136096,-0.005563,0.9999271463163794,0.9999271463163794
skew_ratio_80_120,48,3m,rolling,rolling,-7.282,-0.950101082732166,0.828969553442019,-0.020935,0.9749849786839685,0.9999271463163794
skew_ratio_80_120,48,6m,rolling,rolling,-0.074,1.52262112828178,0.0639267603410779,-0.109617,0.3183777472600806,0.46493258330043513
skew_ratio_80_120,48,12m,rolling,rolling,18.205,4.051110464229769,2.5487566765615476e-5,-0.296832,0.001223403204749543,0.004893612818998172
skew_ratio_80_120,60,1m,rolling,rolling,-2.668,-1.7316626066200898,0.9583331739320272,-0.007979,0.9999271463163794,0.9999271463163794
skew_ratio_80_120,60,3m,rolling,rolling,-1.315,0.7355970839915984,0.23098796885749817,-0.032031,0.6439909521106889,0.7124144373060346
skew_ratio_80_120,60,6m,rolling,rolling,6.758,2.9296846164772727,0.0016965309460263945,-0.121535,0.08143348540926694,0.06224178555597484
skew_ratio_80_120,60,12m,rolling,rolling,22.655,3.7001042111953653,1.0775547515084936e-4,-0.302788,0.0034481752048271795,0.013792700819308718
skew_ratio_80_120,72,1m,rolling,rolling,-2.249,-0.4614672584790243,0.6777682967170466,-0.010758,0.9999271463163794,0.9999271463163794
skew_ratio_80_120,72,3m,rolling,rolling,-1.009,1.595888875639039,0.05525680281697903,-0.041586,0.46632194697509116,0.46493258330043513
skew_ratio_80_120,72,6m,rolling,rolling,6.197,2.9378744873558946,0.0016523539188058691,-0.132546,0.08143348540926694,0.06224178555597484
skew_ratio_80_120,72,12m,rolling,rolling,23.468,4.290294813546557,8.9218041391492e-6,-0.312613,8.564931973583231e-4,0.0034259727894332924
skew_ratio_80_120,120,1m,rolling,rolling,-0.598,-0.1379981066935678,0.5548790430642112,-0.012293,0.9999271463163794,0.9762665072236003
skew_ratio_80_120,120,3m,rolling,rolling,-0.628,0.6156214029488477,0.26907221100254197,-0.040045,0.6623315963139496,0.7281139538098248
skew_ratio_80_120,120,6m,rolling,rolling,1.797,1.432069621267431,0.07606194873980122,-0.109771,0.3183777472600806,0.46493258330043513
skew_ratio_80_120,120,12m,rolling,rolling,2.915,1.5352612029015333,0.06235984001073176,-0.257156,0.2302517169627019,0.46493258330043513
skew_ratio_90_100,48,1m,rolling,rolling,-7.044,-0.9312311259466639,0.8241329898464221,-0.031549,0.9999271463163794,0.9999271463163794
skew_ratio_90_100,48,3m,rolling,rolling,-17.536,-0.8249188547757492,0.7952911694665951,-0.084276,0.9749849786839685,0.9999271463163794
skew_ratio_90_100,48,6m,rolling,rolling,-20.565,-0.6138313143960817,0.7303365989682544,-0.142437,0.9105495259863952,0.9999271463163794
skew_ratio_90_100,48,12m,rolling,rolling,-10.836,0.1207497366765709,0.4519446315035101,-0.187669,0.59433814553886255,0.8960681148326142
skew_ratio_90_100,60,1m,rolling,rolling,-2.581,0.5042521850105852,0.30704208662780264,-0.028026,0.9999271463163794,0.7639218902451016
skew_ratio_90_100,60,3m,rolling,rolling,-4.207,1.1082924393183855,0.1338677698345631,-0.078508,0.5005531498563894,0.5720778905071047
skew_ratio_90_100,60,6m,rolling,rolling,-7.87,0.500496590229607,0.30836272823491107,-0.124193,0.565734607398495,0.7639218902451016
skew_ratio_90_100,60,12m,rolling,rolling,1.582,1.569257399898488,0.05829398712630721,-0.153276,0.22384891056501968,0.46493258330043513
skew_ratio_90_100,72,1m,rolling,rolling,-1.384,0.7313244898239851,0.23229048765780577,-0.023663,0.9999271463163794,0.7124144373060346
skew_ratio_90_100,72,3m,rolling,rolling,-0.329,1.3267526052533458,0.09229526654590214,-0.068414,0.46632194697509116,0.48915578625914824
skew_ratio_90_100,72,6m,rolling,rolling,-0.415,0.9952341922129065,0.15981118781552847,-0.103348,0.45123158912619804,0.619873698193565
skew_ratio_90_100,72,12m,rolling,rolling,7.231,2.1009848811295453,0.01782114672211984,-0.123796,0.1006370638425591,0.2975356670127834
skew_ratio_90_100,120,1m,rolling,rolling,0.329,0.5815365093373285,0.2804394597518154,-0.015938,0.9999271463163794,0.737594195511624
skew_ratio_90_100,120,3m,rolling,rolling,5.349,1.7744087299221112,0.037997783444969735,-0.043948,0.46632194697509116,0.4559734013396368
skew_ratio_90_100,120,6m,rolling,rolling,8.212,1.7812046392855125,0.037439513026134984,-0.059364,0.3183777472600806,0.4559734013396368
skew_ratio_90_100,120,12m,rolling,rolling,10.26,2.5640056370016806,0.0051735932035875554,-0.084153,0.03780865687456674,0.11686234059868361
skew_ratio_90_110,48,1m,rolling,rolling,-4.769,-2.565143724820419,0.9948433462410038,-0.001977,0.9999271463163794,0.9999271463163794
skew_ratio_90_110,48,3m,rolling,rolling,-7.184,-1.9253915149816672,0.972909801844256,-0.001138,0.9749849786839685,0.9999271463163794
skew_ratio_90_110,48,6m,rolling,rolling,-1.797,0.6320555191545778,0.26367529968999104,-0.138799,0.5386557311348193,0.7281139538098248
skew_ratio_90_110,48,12m,rolling,rolling,5.734,1.4846432830009326,0.06881917168925075,-0.303524,0.23595144579171684,0.46493258330043513
skew_ratio_90_110,60,1m,rolling,rolling,-2.576,-2.652833022594622,0.9960090327036413,-8.07e-4,0.9999271463163794,0.9999271463163794
skew_ratio_90_110,60,3m,rolling,rolling,-1.05,-0.6368734980984073,0.7378963767038027,-6.95e-4,0.9749849786839685,0.9999271463163794
skew_ratio_90_110,60,6m,rolling,rolling,0.692,1.4305612358885973,0.07627800194772764,-0.12948,0.3183777472600806,0.46493258330043513
skew_ratio_90_110,60,12m,rolling,rolling,3.292,1.4548690369820647,0.07285276058953016,-0.284232,0.24116775919292743,0.46493258330043513
skew_ratio_90_110,72,1m,rolling,rolling,-1.723,-2.0852504629469344,0.9814767142832157,0.00153,0.9999271463163794,0.9999271463163794
skew_ratio_90_110,72,3m,rolling,rolling,-1.28,-0.8872469787676773,0.812527027673957,0.002332,0.9749849786839685,0.9999271463163794
skew_ratio_90_110,72,6m,rolling,rolling,1.119,1.4325087637485971,0.07599913591754809,-0.121831,0.3183777472600806,0.46493258330043513
skew_ratio_90_110,72,12m,rolling,rolling,4.652,1.5939068799886469,0.05547844662378354,-0.277104,0.22384891056501968,0.46493258330043513
skew_ratio_90_110,120,1m,rolling,rolling,-1.166,-1.991780733969278,0.9768024394929666,0.002536,0.9999271463163794,0.9999271463163794
skew_ratio_90_110,120,3m,rolling,rolling,-0.571,-0.32982205157169586,0.629232787930424,0.001617,0.9749849786839685,0.9999271463163794
skew_ratio_90_110,120,6m,rolling,rolling,1.471,1.5144060476889791,0.06496144317834515,-0.11654,0.3183777472600806,0.46493258330043513
skew_ratio_90_110,120,12m,rolling,rolling,7.794,1.8423719982583873,0.03271037741128347,-0.280692,0.15700981157416066,0.44535423335338464
skew_ratio_90_120,48,1m,rolling,rolling,-4.4,-2.9649046314631393,0.998486116121587,-0.005224,0.9999271463163794,0.9999271463163794
skew_ratio_90_120,48,3m,rolling,rolling,-5.333,-1.7397674792860762,0.9590500724861099,-0.006573,0.9749849786839685,0.9999271463163794
skew_ratio_90_120,48,6m,rolling,rolling,-0.668,1.2112608774704297,0.11289771880569295,-0.092956,0.4168531155902509,0.528691756358367
skew_ratio_90_120,48,12m,rolling,rolling,7.817,1.6373309698065392,0.050780666616762636,-0.222643,0.22384891056501968,0.46493258330043513
skew_ratio_90_120,60,1m,rolling,rolling,-2.537,-3.3282658535815663,0.9995630578519865,-0.00397,0.9999271463163794,0.9999271463163794
skew_ratio_90_120,60,3m,rolling,rolling,-1.617,-0.4680038143331148,0.6801090690004499,-0.007063,0.9749849786839685,0.9999271463163794
skew_ratio_90_120,60,6m,rolling,rolling,0.071,1.4467506052644714,0.07398339277186308,-0.085947,0.3183777472600806,0.46493258330043513
skew_ratio_90_120,60,12m,rolling,rolling,3.276,2.102043864704021,0.01777471675324266,-0.207162,0.1006370638425591,0.2975356670127834
skew_ratio_90_120,72,1m,rolling,rolling,-1.988,-3.1673640288686333,0.999230861866067,-0.002442,0.9999271463163794,0.9999271463163794
skew_ratio_90_120,72,3m,rolling,rolling,-2.71,-1.5382174447429642,0.9380022714910508,-0.004965,0.9749849786839685,0.9999271463163794
skew_ratio_90_120,72,6m,rolling,rolling,-1.749,0.7204751958331838,0.23561623317152708,-0.079097,0.5368680066926715,0.7124144373060346
skew_ratio_90_120,72,12m,rolling,rolling,-0.288,1.193912808834436,0.11625603826115971,-0.200248,0.3282523433256274,0.5378592613528352
skew_ratio_90_120,120,1m,rolling,rolling,-1.459,-1.990456547756423,0.976729666978662,-0.003832,0.9999271463163794,0.9999271463163794
skew_ratio_90_120,120,3m,rolling,rolling,-0.369,0.11295128218969788,0.45503458956343684,-0.01187,0.9100691791268737,0.8960681148326142
skew_ratio_90_120,120,6m,rolling,rolling,1.796,1.8217702315059874,0.03424492819766749,-0.080329,0.3183777472600806,0.44535423335338464
skew_ratio_90_120,120,12m,rolling,rolling,6.923,2.4246475197419723,0.007661628172125655,-0.197154,0.049034420301604195,0.1524645365662675
skew_slope_quad,48,1m,rolling,rolling,-9.978,-1.33327872272292,0.9087798232577498,-0.021412,0.9999271463163794,0.9999271463163794
skew_slope_quad,48,3m,rolling,rolling,-9.283,-1.404084810766633,0.9198532019521564,-0.075388,0.9749849786839685,0.9999271463163794
skew_slope_quad,48,6m,rolling,rolling,-17.968,-0.9048935249208504,0.8172391011548125,-0.11562,0.9399974897192711,0.9999271463163794
skew_slope_quad,48,12m,rolling,rolling,-16.345,-1.4829833220812632,0.930960579033112,0.007799,0.930960579033112,0.9999271463163794
skew_slope_quad,60,1m,rolling,rolling,-8.042,-1.0822038907490037,0.8604190299765897,-0.018626,0.9999271463163794,0.9999271463163794
skew_slope_quad,60,3m,rolling,rolling,-5.869,-0.7645625681377493,0.7777339670683694,-0.067746,0.9749849786839685,0.9999271463163794
skew_slope_quad,60,6m,rolling,rolling,-17.733,-1.1737658671216573,0.8797555903746193,-0.094679,0.9399974897192711,0.9999271463163794
skew_slope_quad,60,12m,rolling,rolling,-6.249,-0.5605720833093771,0.7124553564942543,0.035526,0.7749889791268928,0.9999271463163794
skew_slope_quad,72,1m,rolling,rolling,-6.965,-1.1169945655678648,0.8680016756006912,-0.013891,0.9999271463163794,0.9999271463163794
skew_slope_quad,72,3m,rolling,rolling,-4.927,-0.6807053575447962,0.7519710271777225,-0.054656,0.9749849786839685,0.9999271463163794
skew_slope_quad,72,6m,rolling,rolling,-14.01,-1.365857980714306,0.9140082281895285,-0.06356,0.9399974897192711,0.9999271463163794
skew_slope_quad,72,12m,rolling,rolling,1.888,0.8700856396680662,0.19212680241308946,0.073295,0.4554498933475391,0.6757117533050381
skew_slope_quad,120,1m,rolling,rolling,-2.606,-0.9769072092073037,0.8356924538004239,-0.005627,0.9999271463163794,0.9999271463163794
skew_slope_quad,120,3m,rolling,rolling,-0.023,0.3215567190807985,0.37389426840349316,-0.027372,0.8377393482545605,0.8392183372290132
skew_slope_quad,120,6m,rolling,rolling,-0.645,0.003090148162042838,0.4987672112074432,-0.015135,0.7392483939032289,0.9252493193413439
skew_slope_quad,120,12m,rolling,rolling,-3.185,-0.2209494475253648,0.5874341024174491,0.129374,0.6794418533984953,0.9999271463163794
vix_ann,48,1m,rolling,rolling,-17.204,-1.0350049050435994,0.8496666897515824,0.091844,0.9999271463163794,0.9999271463163794
vix_ann,48,3m,rolling,rolling,-19.236,-0.6280663303330806,0.7350197557072825,0.211243,0.9749849786839685,0.9999271463163794
vix_ann,48,6m,rolling,rolling,-12.636,0.20393558005501478,0.4192019202232464,0.350389,0.7060242866917834,0.8791151922001155
vix_ann,48,12m,rolling,rolling,-7.475,0.6006161238131162,0.2740478480938986,0.54879,0.4964747201128546,0.7281139538098248
vix_ann,60,1m,rolling,rolling,-7.811,-0.6161791916258345,0.7311118698443193,0.088351,0.9999271463163794,0.9999271463163794
vix_ann,60,3m,rolling,rolling,1.549,1.3879102474113034,0.08258218852429315,0.222303,0.46632194697509116,0.47330687154221746
vix_ann,60,6m,rolling,rolling,-5.925,0.5979433616781126,0.27493886276673074,0.363383,0.5386557311348193,0.7281139538098248
vix_ann,60,12m,rolling,rolling,-10.047,0.29903604010475643,0.3824562734767638,0.535141,0.5399382684377843,0.8392183372290132
vix_ann,72,1m,rolling,rolling,-7.279,-0.580234570634482,0.7191217782340049,0.079679,0.9999271463163794,0.9999271463163794
vix_ann,72,3m,rolling,rolling,3.099,1.402745508421841,0.08034637075230325,0.21328,0.46632194697509116,0.47330687154221746
vix_ann,72,6m,rolling,rolling,-4.732,0.4892491795318338,0.3123326478345858,0.357901,0.565734607398495,0.7639218902451016
vix_ann,72,12m,rolling,rolling,-6.663,0.3081780825226069,0.3789734145006316,0.521463,0.5399382684377843,0.8392183372290132
vix_ann,120,1m,rolling,rolling,-0.903,0.25702277264056406,0.39858059671921986,0.056802,0.9999271463163794,0.8647172267806804
vix_ann,120,3m,rolling,rolling,4.64,1.2621105202110956,0.10345451012816251,0.167474,0.46632194697509116,0.5029104910036266
vix_ann,120,6m,rolling,rolling,4.75,0.9216111329873433,0.1783657246506579,0.316492,0.47564193240175434,0.6523089358652632
vix_ann,120,12m,rolling,rolling,2.31,0.6448034266449802,0.2595272905274147,0.458507,0.4885219586398394,0.7281139538098248
wing_curve,48,1m,rolling,rolling,-10.053,-1.34245141170879,0.9102751627219775,-3.88e-4,0.9999271463163794,0.9999271463163794
wing_curve,48,3m,rolling,rolling,-18.494,-0.4893869088287748,0.6877160987694548,-0.002488,0.9749849786839685,0.9999271463163794
wing_curve,48,6m,rolling,rolling,-19.407,-0.4277676060122423,0.6655898381916349,-0.004933,0.8874531175888465,0.9999271463163794
wing_curve,48,12m,rolling,rolling,-9.167,0.6567574995986988,0.2556684279076022,-0.006295,0.4885219586398394,0.7281139538098248
wing_curve,60,1m,rolling,rolling,-7.085,-1.1615808499501925,0.8772971177434604,-1.87e-4,0.9999271463163794,0.9999271463163794
wing_curve,60,3m,rolling,rolling,-14.803,-0.5544701824801802,0.7103714467276091,-0.001867,0.9749849786839685,0.9999271463163794
wing_curve,60,6m,rolling,rolling,-18.791,-0.3799679342778698,0.6480153910344928,-0.003761,0.8765213780119819,0.9999271463163794
wing_curve,60,12m,rolling,rolling,-9.399,0.5995892907812868,0.2743899930266242,-0.006017,0.4964747201128546,0.7281139538098248
wing_curve,72,1m,rolling,rolling,-5.274,-0.7144446856326814,0.7625238756761732,-1.91e-4,0.9999271463163794,0.9999271463163794
wing_curve,72,3m,rolling,rolling,-8.553,0.15469679792444016,0.43853017724572424,-0.001782,0.9100691791268737,0.8923546445416316
wing_curve,72,6m,rolling,rolling,-8.851,0.27718407193164085,0.390819384703218,-0.00319,0.6821574714819805,0.8526968393524755
wing_curve,72,12m,rolling,rolling,-6.369,0.6592428880733457,0.2548699051661659,-0.006024,0.4885219586398394,0.7281139538098248
wing_curve,120,1m,rolling,rolling,0.073,0.7547503286704427,0.22519940119884463,-0.001015,0.9999271463163794,0.7124144373060346
wing_curve,120,3m,rolling,rolling,1.68,1.4972040450124724,0.0671700865904951,-0.002865,0.46632194697509116,0.46493258330043513
wing_curve,120,6m,rolling,rolling,2.864,1.4772317510728936,0.06980676271240227,-0.004145,0.3183777472600806,0.46493258330043513
wing_curve,120,12m,rolling,rolling,6.41,1.6168404522415698,0.05295636248279048,-0.008338,0.22384891056501968,0.46493258330043513
wing_slope,48,1m,rolling,rolling,-9.152,-1.5132291783645397,0.934889272492724,-0.02231,0.9999271463163794,0.9999271463163794
wing_slope,48,3m,rolling,rolling,-11.406,-1.9003134799593384,0.9713040033021818,-0.06777,0.9749849786839685,0.9999271463163794
wing_slope,48,6m,rolling,rolling,-20.982,-1.215287955635059,0.8878718579929711,-0.103486,0.9399974897192711,0.9999271463163794
wing_slope,48,12m,rolling,rolling,-17.526,-1.467392649006975,0.9288653634786932,0.03163,0.930960579033112,0.9999271463163794
wing_slope,60,1m,rolling,rolling,-7.722,-1.1312440173673461,0.8710238000444432,-0.018441,0.9999271463163794,0.9999271463163794
wing_slope,60,3m,rolling,rolling,-7.508,-1.5092814707782314,0.9343865660916563,-0.055951,0.9749849786839685,0.9999271463163794
wing_slope,60,6m,rolling,rolling,-18.928,-1.4078631971178743,0.920414208683453,-0.075694,0.9399974897192711,0.9999271463163794
wing_slope,60,12m,rolling,rolling,-4.249,-0.10162306374047793,0.5404720639982004,0.066895,0.6405594832571263,0.9653082445363206
wing_slope,72,1m,rolling,rolling,-6.482,-1.221029189011657,0.888962515834964,-0.013173,0.9999271463163794,0.9999271463163794
wing_slope,72,3m,rolling,rolling,-5.944,-1.3927736707115304,0.9181558786602935,-0.041461,0.9749849786839685,0.9999271463163794
wing_slope,72,6m,rolling,rolling,-14.356,-1.620156762198065,0.9474006966203352,-0.042247,0.9474006966203352,0.9999271463163794
wing_slope,72,12m,rolling,rolling,2.879,1.122880472758135,0.13074413095488913,0.106115,0.3486510158797043,0.5705198441667889
wing_slope,120,1m,rolling,rolling,-1.942,-1.0339136323215783,0.8494117293079942,-0.002179,0.9999271463163794,0.9999271463163794
wing_slope,120,3m,rolling,rolling,-0.67,-0.3040290345907194,0.6194471144432695,-0.010107,0.9749849786839685,0.9999271463163794
wing_slope,120,6m,rolling,rolling,-0.469,0.05274122770964812,0.47896904487886893,0.011547,0.7392483939032289,0.9060301144506683
wing_slope,120,12m,rolling,rolling,-2.839,0.022309135882952923,0.4911006806580882,0.16104,0.5967805739642591,0.9154498124888635
